{"Train Loss": 1.4162875781802277e-05, "Test Loss": 0.0001262429777852958, "Epoch": 462, "_timestamp": 1720024935.6679082, "_runtime": 59.73280620574951, "_step": 462, "_wandb": {"runtime": 59}}