{"Train Loss": 0.0009565938262312557, "Test Loss": 0.00013517231511173122, "Proportion y_pred > w_{t+1}": 0.11518858307849134, "Avg Abs Diff y_pred < w_{t+1}": 0.04086773271333375, "Epoch": 109, "_timestamp": 1720036934.027352, "_runtime": 24.416810989379883, "_step": 109}