{"Train Loss": 0.00035497637804837723, "Test Loss": 0.0001323831846207213, "Proportion y_pred > w_{t+1}": 0.18654434250764526, "Avg Abs Diff y_pred < w_{t+1}": 0.02161937037058044, "Epoch": 499, "_timestamp": 1720033145.017557, "_runtime": 56.38608694076538, "_step": 499, "_wandb": {"runtime": 56}}