{"Train Loss": 0.00013849833828771807, "Test Loss": 4.6354865126829736e-05, "Proportion y_pred > w_{t+1}": 0.03160040774719674, "Avg Abs Diff y_pred < w_{t+1}": 0.03403282947642239, "Epoch": 478, "_timestamp": 1720040017.8372831, "_runtime": 61.10981607437134, "_step": 478}