{"Train Loss": 7.706690655962326e-06, "Epoch": 51, "_timestamp": 1720043522.3746681, "_runtime": 22.224939107894897, "_step": 103, "Test Loss": 7.339695329733331e-06, "Proportion y_pred > w_{t+1}": 0.8256880733944955, "Avg Abs Diff y_pred < w_{t+1}": 0.008328087870280203}