{"Train Loss": 5.920145667914767e-06, "_timestamp": 1720031204.384307, "_runtime": 72.09294199943542, "_step": 30999, "_wandb": {"runtime": 71}}