{"Train Loss": 0.00014429511941216333, "Test Loss": 1.1272039031950953e-05, "Proportion y_pred > w_{t+1}": 0.0326197757390418, "Avg Abs Diff y_pred < w_{t+1}": 0.029263314232622736, "Epoch": 499, "_timestamp": 1720033244.050221, "_runtime": 57.80404186248779, "_step": 499, "_wandb": {"runtime": 57}}