{"Train Loss": 8.730243280297145e-06, "_timestamp": 1720031322.828938, "_runtime": 70.19103789329529, "_step": 30999, "_wandb": {"runtime": 69}}