{"Train Loss": 3.1453981243371785e-05, "Epoch": 499, "_timestamp": 1720043767.5711029, "_runtime": 67.34361791610718, "_step": 999, "Test Loss": 4.300731986006667e-05, "Proportion y_pred > w_{t+1}": 0.12028542303771661, "Avg Abs Diff y_pred < w_{t+1}": 0.017623615318419345, "_wandb": {"runtime": 66}}