{"Train Loss": 8.61851724714084e-06, "Test Loss": 1.4763653950922162e-05, "Epoch": 233, "_timestamp": 1720024983.918297, "_runtime": 39.70363998413086, "_step": 233, "_wandb": {"runtime": 39}}